{
  "openapi": "3.0.0",
  "info": {
    "title": "AiBridge Telescope Control API",
    "version": "7.11",
    "description": "Control OnStep telescope and external Alpaca devices via HTTP API. Supports ASCOM/Alpaca standard protocol for astronomical software integration (NINA, Stellarium, PHD2, etc.). This API is primarily developed for the DOG NS-5000 and the OnStepNinja (OnStep + NS-5000 hybrid) mount. Source code, circuit diagrams, and associated AiBridge objects are also openly available for free use. Donations are welcome and greatly appreciated to support continued development: https://paypal.me/OnStepNinja. For complete Alpaca device control guide, see /alpaca-api-spec.json",
    "contact": {
      "name": "Nishioka Sadahiko",
      "email": "nishioka.sst@gmail.com",
      "url": "https://github.com/OnStepNinja"
    },
    "license": {
      "name": "MIT",
      "url": "https://opensource.org/licenses/MIT"
    }
  },
  "servers": [
    {
      "url": "http://192.168.4.1",
      "description": "AiBridge AP mode (default)"
    },
    {
      "url": "http://{ip_address}",
      "description": "AiBridge Station mode (DHCP assigned IP)",
      "variables": {
        "ip_address": {
          "default": "192.168.1.100",
          "description": "DHCP assigned IP address"
        }
      }
    }
  ],
  "tags": [
    {
      "name": "OnStep Telescope",
      "description": "Direct control of AiBridge's OnStep telescope using simplified API"
    },
    {
      "name": "Alpaca Management",
      "description": "ASCOM Alpaca management endpoints for device discovery"
    },
    {
      "name": "Alpaca Telescope",
      "description": "ASCOM Alpaca standard telescope control endpoints"
    },
    {
      "name": "Alpaca ObservingConditions",
      "description": "ASCOM Alpaca weather sensor endpoints (DHT22)"
    },
    {
      "name": "Alpaca Switch",
      "description": "ASCOM Alpaca relay switch control endpoints (4 outputs)"
    },
    {
      "name": "External Alpaca Devices",
      "description": "Control external ASCOM/Alpaca compatible devices on the network"
    },
    {
      "name": "LX200 Protocol",
      "description": "LX200 command set support for legacy compatibility"
    },
    {
      "name": "Information",
      "description": "Documentation and system information"
    }
  ],
  "paths": {
    "/api/status": {
      "get": {
        "summary": "Get OnStep telescope status",
        "description": "Returns current position and movement state of the OnStep telescope (simplified API)",
        "tags": ["OnStep Telescope"],
        "responses": {
          "200": {
            "description": "Success",
            "content": {
              "application/json": {
                "schema": {
                  "type": "object",
                  "properties": {
                    "status": {"type": "string", "example": "success"},
                    "message": {"type": "string", "example": "Status retrieved"},
                    "data": {
                      "type": "object",
                      "properties": {
                        "ra": {"type": "string", "example": "12:30:45", "description": "Right Ascension in HH:MM:SS format"},
                        "dec": {"type": "string", "example": "+45:30:00", "description": "Declination in ±DD:MM:SS format"},
                        "state": {"type": "string", "example": "Tracking", "enum": ["Stopped", "Tracking", "Guiding", "Slewing"]},
                        "speedRatio": {"type": "number", "example": 1.0, "description": "Speed ratio compared to sidereal rate"},
                        "raSpeed": {"type": "number", "example": 15.041, "description": "RA speed in arcsec/second"},
                        "decSpeed": {"type": "number", "example": 0.5, "description": "DEC speed in arcsec/second"},
                        "connected": {"type": "boolean", "example": true}
                      }
                    }
                  }
                }
              }
            }
          }
        }
      }
    },
    "/api/goto": {
      "get": {
        "summary": "Slew OnStep telescope to coordinates",
        "description": "Command OnStep telescope to move to specified RA/DEC (LX200 HMS/DMS format)",
        "tags": ["OnStep Telescope"],
        "parameters": [
          {
            "name": "ra",
            "in": "query",
            "required": true,
            "schema": {"type": "string"},
            "example": "12:30:45",
            "description": "Right Ascension in HH:MM:SS format"
          },
          {
            "name": "dec",
            "in": "query",
            "required": true,
            "schema": {"type": "string"},
            "example": "+45:30:00",
            "description": "Declination in ±DD:MM:SS format"
          }
        ],
        "responses": {
          "200": {
            "description": "GOTO command sent",
            "content": {
              "application/json": {
                "schema": {
                  "type": "object",
                  "properties": {
                    "status": {"type": "string", "example": "success"},
                    "message": {"type": "string", "example": "GOTO command sent"},
                    "data": {"type": "string", "example": "RA:12:30:45 DEC:+45:30:00"}
                  }
                }
              }
            }
          }
        }
      }
    },
    "/api/command": {
      "get": {
        "summary": "Send LX200 command to OnStep",
        "description": "Send raw LX200 protocol command to OnStep telescope. Supports full LX200 command set.",
        "tags": ["OnStep Telescope", "LX200 Protocol"],
        "parameters": [
          {
            "name": "cmd",
            "in": "query",
            "required": true,
            "schema": {"type": "string"},
            "example": "GR",
            "description": "LX200 command without ':' prefix and '#' suffix"
          }
        ],
        "responses": {
          "200": {
            "description": "Command executed",
            "content": {
              "application/json": {
                "schema": {
                  "type": "object",
                  "properties": {
                    "status": {"type": "string", "example": "success"},
                    "message": {"type": "string", "example": "Command executed"},
                    "data": {"type": "string", "example": "12:30:45#"}
                  }
                }
              }
            }
          }
        }
      }
    },
    "/api/stop": {
      "get": {
        "summary": "Emergency stop OnStep telescope",
        "description": "Immediately halt all telescope movement",
        "tags": ["OnStep Telescope"],
        "responses": {
          "200": {
            "description": "Emergency stop executed",
            "content": {
              "application/json": {
                "schema": {
                  "type": "object",
                  "properties": {
                    "status": {"type": "string", "example": "success"},
                    "message": {"type": "string", "example": "Emergency stop executed"}
                  }
                }
              }
            }
          }
        }
      }
    },
    "/api/buzzer": {
      "get": {
        "summary": "Activate buzzer sound",
        "description": "Trigger OnStep buzzer for audio feedback",
        "tags": ["OnStep Telescope"],
        "responses": {
          "200": {
            "description": "Buzzer activated",
            "content": {
              "application/json": {
                "schema": {
                  "type": "object",
                  "properties": {
                    "status": {"type": "string", "example": "success"},
                    "message": {"type": "string", "example": "Buzzer activated"}
                  }
                }
              }
            }
          }
        }
      }
    },
    "/command": {
      "get": {
        "summary": "[Legacy] LX200 command interface",
        "description": "Legacy endpoint for backward compatibility. Use /api/command instead.",
        "tags": ["LX200 Protocol"],
        "deprecated": true,
        "parameters": [
          {
            "name": "cmd",
            "in": "query",
            "schema": {"type": "string"},
            "example": "GR"
          },
          {
            "name": "ra",
            "in": "query",
            "schema": {"type": "string"},
            "example": "12:30:45"
          },
          {
            "name": "dec",
            "in": "query",
            "schema": {"type": "string"},
            "example": "+45:30:00"
          }
        ],
        "responses": {
          "200": {
            "description": "Command response",
            "content": {
              "text/plain": {
                "schema": {"type": "string"}
              }
            }
          }
        }
      }
    },
    "/management/apiversions": {
      "get": {
        "summary": "Get supported Alpaca API versions",
        "description": "Returns array of supported Alpaca API version numbers",
        "tags": ["Alpaca Management"],
        "responses": {
          "200": {
            "description": "Supported API versions",
            "content": {
              "application/json": {
                "schema": {
                  "type": "array",
                  "items": {"type": "integer"},
                  "example": [1]
                }
              }
            }
          }
        }
      }
    },
    "/management/v1/description": {
      "get": {
        "summary": "Get server description",
        "description": "Returns information about the Alpaca server",
        "tags": ["Alpaca Management"],
        "responses": {
          "200": {
            "description": "Server description",
            "content": {
              "application/json": {
                "schema": {
                  "type": "object",
                  "properties": {
                    "Value": {
                      "type": "object",
                      "properties": {
                        "ServerName": {"type": "string", "example": "AiBridge"},
                        "Manufacturer": {"type": "string", "example": "AiBridge Project"},
                        "ManufacturerVersion": {"type": "string", "example": "7.11"},
                        "Location": {"type": "string", "example": "Network"}
                      }
                    }
                  }
                }
              }
            }
          }
        }
      }
    },
    "/management/v1/configureddevices": {
      "get": {
        "summary": "Get configured Alpaca devices",
        "description": "Returns list of all Alpaca devices available on this server",
        "tags": ["Alpaca Management"],
        "responses": {
          "200": {
            "description": "List of configured devices",
            "content": {
              "application/json": {
                "schema": {
                  "type": "array",
                  "items": {
                    "type": "object",
                    "properties": {
                      "DeviceName": {"type": "string", "example": "Ai-MainScope Telescope"},
                      "DeviceType": {"type": "string", "example": "Telescope"},
                      "DeviceNumber": {"type": "integer", "example": 0},
                      "UniqueID": {"type": "string", "example": "aibridge-telescope-0"}
                    }
                  },
                  "example": [
                    {"DeviceName": "Ai-MainScope Telescope", "DeviceType": "Telescope", "DeviceNumber": 0, "UniqueID": "aibridge-telescope-0"},
                    {"DeviceName": "Ai-MainScope Weather", "DeviceType": "ObservingConditions", "DeviceNumber": 0, "UniqueID": "aibridge-weather-0"},
                    {"DeviceName": "Ai-MainScope Switch", "DeviceType": "Switch", "DeviceNumber": 0, "UniqueID": "aibridge-switch-0"}
                  ]
                }
              }
            }
          }
        }
      }
    },
    "/api/v1/telescope/0/connected": {
      "get": {
        "summary": "Get telescope connection status",
        "description": "Returns whether telescope is connected",
        "tags": ["Alpaca Telescope"],
        "responses": {
          "200": {
            "description": "Connection status",
            "content": {
              "application/json": {
                "schema": {
                  "$ref": "#/components/schemas/AlpacaBoolResponse"
                },
                "example": {"Value": true, "ClientTransactionID": 1, "ServerTransactionID": 1, "ErrorNumber": 0, "ErrorMessage": ""}
              }
            }
          }
        }
      },
      "put": {
        "summary": "Set telescope connection",
        "description": "Connect or disconnect telescope (always connected for OnStep)",
        "tags": ["Alpaca Telescope"],
        "parameters": [
          {
            "name": "Connected",
            "in": "query",
            "required": true,
            "schema": {"type": "boolean"}
          }
        ],
        "responses": {
          "200": {
            "description": "Connection updated",
            "content": {
              "application/json": {
                "schema": {"$ref": "#/components/schemas/AlpacaResponse"}
              }
            }
          }
        }
      }
    },
    "/api/v1/switch/0/maxswitch": {
      "get": {
        "summary": "Get maximum switch count",
        "description": "Returns the number of switches (4 relay outputs)",
        "tags": ["Alpaca Switch"],
        "responses": {
          "200": {
            "description": "Maximum switch count",
            "content": {
              "application/json": {
                "schema": {
                  "$ref": "#/components/schemas/AlpacaNumberResponse"
                },
                "example": {"Value": 4, "ClientTransactionID": 1, "ServerTransactionID": 1, "ErrorNumber": 0, "ErrorMessage": ""}
              }
            }
          }
        }
      }
    },
    "/api/v1/switch/0/getswitch": {
      "get": {
        "summary": "Get switch state",
        "description": "Returns the current state of specified switch (0-3). GPIO pins: 0=GPIO27, 1=GPIO14, 2=GPIO12, 3=GPIO13",
        "tags": ["Alpaca Switch"],
        "parameters": [
          {
            "name": "Id",
            "in": "query",
            "required": true,
            "schema": {"type": "integer", "minimum": 0, "maximum": 3},
            "example": 0,
            "description": "Switch ID (0-3)"
          }
        ],
        "responses": {
          "200": {
            "description": "Switch state",
            "content": {
              "application/json": {
                "schema": {
                  "$ref": "#/components/schemas/AlpacaBoolResponse"
                },
                "example": {"Value": true, "ClientTransactionID": 1, "ServerTransactionID": 1, "ErrorNumber": 0, "ErrorMessage": ""}
              }
            }
          }
        }
      }
    },
    "/api/v1/switch/0/setswitch": {
      "put": {
        "summary": "Set switch state",
        "description": "Set the state of specified switch (0-3) to ON or OFF",
        "tags": ["Alpaca Switch"],
        "parameters": [
          {
            "name": "Id",
            "in": "query",
            "required": true,
            "schema": {"type": "integer", "minimum": 0, "maximum": 3},
            "example": 0,
            "description": "Switch ID (0-3)"
          },
          {
            "name": "State",
            "in": "query",
            "required": true,
            "schema": {"type": "boolean"},
            "example": true,
            "description": "Desired state (true=ON/3.3V, false=OFF/0V)"
          }
        ],
        "responses": {
          "200": {
            "description": "Switch state updated",
            "content": {
              "application/json": {
                "schema": {"$ref": "#/components/schemas/AlpacaResponse"}
              }
            }
          }
        }
      }
    },
    "/api/v1/switch/0/getswitchname": {
      "get": {
        "summary": "Get switch name",
        "description": "Returns the name of specified switch",
        "tags": ["Alpaca Switch"],
        "parameters": [
          {
            "name": "Id",
            "in": "query",
            "required": true,
            "schema": {"type": "integer", "minimum": 0, "maximum": 3},
            "example": 0
          }
        ],
        "responses": {
          "200": {
            "description": "Switch name",
            "content": {
              "application/json": {
                "schema": {
                  "$ref": "#/components/schemas/AlpacaStringResponse"
                },
                "example": {"Value": "Output 1", "ClientTransactionID": 1, "ServerTransactionID": 1, "ErrorNumber": 0, "ErrorMessage": ""}
              }
            }
          }
        }
      }
    },
    "/api/v1/switch/0/getswitchdescription": {
      "get": {
        "summary": "Get switch description",
        "description": "Returns the description of specified switch with GPIO pin information",
        "tags": ["Alpaca Switch"],
        "parameters": [
          {
            "name": "Id",
            "in": "query",
            "required": true,
            "schema": {"type": "integer", "minimum": 0, "maximum": 3},
            "example": 0
          }
        ],
        "responses": {
          "200": {
            "description": "Switch description",
            "content": {
              "application/json": {
                "schema": {
                  "$ref": "#/components/schemas/AlpacaStringResponse"
                },
                "example": {"Value": "Relay output on GPIO27", "ClientTransactionID": 1, "ServerTransactionID": 1, "ErrorNumber": 0, "ErrorMessage": ""}
              }
            }
          }
        }
      }
    },
    "/api/external/status": {
      "get": {
        "summary": "Get external Alpaca telescope status",
        "description": "Query status of external Alpaca-compatible telescope on the network",
        "tags": ["External Alpaca Devices"],
        "parameters": [
          {
            "name": "target",
            "in": "query",
            "required": true,
            "schema": {"type": "string"},
            "example": "192.168.3.120",
            "description": "IP address of external telescope"
          }
        ],
        "responses": {
          "200": {
            "description": "External telescope data",
            "content": {
              "application/json": {
                "schema": {
                  "type": "object",
                  "properties": {
                    "status": {"type": "string", "example": "success"},
                    "message": {"type": "string", "example": "External status retrieved"},
                    "data": {
                      "type": "object",
                      "properties": {
                        "ra": {"type": "number", "description": "Right Ascension in decimal hours"},
                        "dec": {"type": "number", "description": "Declination in decimal degrees"}
                      }
                    }
                  }
                }
              }
            }
          }
        }
      }
    },
    "/api/external/goto": {
      "get": {
        "summary": "Slew external Alpaca telescope",
        "description": "Command external telescope to move (Alpaca decimal format: RA in hours, DEC in degrees)",
        "tags": ["External Alpaca Devices"],
        "parameters": [
          {
            "name": "target",
            "in": "query",
            "required": true,
            "schema": {"type": "string"},
            "example": "192.168.3.120"
          },
          {
            "name": "ra",
            "in": "query",
            "required": true,
            "schema": {"type": "number"},
            "example": 0.7122,
            "description": "Right Ascension in decimal hours (0-24)"
          },
          {
            "name": "dec",
            "in": "query",
            "required": true,
            "schema": {"type": "number"},
            "example": 41.2692,
            "description": "Declination in decimal degrees (-90 to +90)"
          }
        ],
        "responses": {
          "200": {
            "description": "External GOTO executed",
            "content": {
              "application/json": {
                "schema": {
                  "type": "object",
                  "properties": {
                    "status": {"type": "string", "example": "success"},
                    "message": {"type": "string", "example": "External GOTO command sent"}
                  }
                }
              }
            }
          }
        }
      }
    },
    "/api/external/stop": {
      "get": {
        "summary": "Stop external Alpaca telescope",
        "description": "Emergency stop for external telescope",
        "tags": ["External Alpaca Devices"],
        "parameters": [
          {
            "name": "target",
            "in": "query",
            "required": true,
            "schema": {"type": "string"},
            "example": "192.168.3.120"
          }
        ],
        "responses": {
          "200": {
            "description": "External stop command sent",
            "content": {
              "application/json": {
                "schema": {
                  "type": "object",
                  "properties": {
                    "status": {"type": "string", "example": "success"},
                    "message": {"type": "string", "example": "External stop command sent"}
                  }
                }
              }
            }
          }
        }
      }
    },
    "/api/external/command": {
      "get": {
        "summary": "Send command to external Alpaca device",
        "description": "Universal proxy endpoint to forward Alpaca commands to external devices. Supports all Alpaca device types and methods. For complete documentation, see /alpaca-api-spec.json",
        "tags": ["External Alpaca Devices"],
        "parameters": [
          {
            "name": "target",
            "in": "query",
            "required": true,
            "schema": {"type": "string"},
            "example": "192.168.3.120",
            "description": "IP address of target Alpaca device"
          },
          {
            "name": "device",
            "in": "query",
            "required": true,
            "schema": {
              "type": "string",
              "enum": ["telescope", "focuser", "filterwheel", "camera", "dome", "rotator", "switch", "safetymonitor", "observingconditions"]
            },
            "example": "telescope",
            "description": "Type of Alpaca device"
          },
          {
            "name": "property",
            "in": "query",
            "required": true,
            "schema": {"type": "string"},
            "example": "rightascension",
            "description": "Alpaca property or method name"
          },
          {
            "name": "number",
            "in": "query",
            "required": false,
            "schema": {"type": "integer", "default": 0},
            "example": 0,
            "description": "Device number (for multiple devices of same type)"
          },
          {
            "name": "port",
            "in": "query",
            "required": false,
            "schema": {"type": "integer", "default": 80},
            "example": 80,
            "description": "Alpaca server port"
          },
          {
            "name": "method",
            "in": "query",
            "required": false,
            "schema": {
              "type": "string",
              "enum": ["GET", "PUT", "POST"],
              "default": "GET"
            },
            "example": "GET",
            "description": "HTTP method"
          },
          {
            "name": "params",
            "in": "query",
            "required": false,
            "schema": {"type": "string"},
            "example": "RightAscension=0.7122&Declination=41.2692",
            "description": "URL-encoded parameters for PUT/POST requests"
          }
        ],
        "responses": {
          "200": {
            "description": "Alpaca command executed",
            "content": {
              "application/json": {
                "schema": {
                  "type": "object",
                  "properties": {
                    "status": {"type": "string", "example": "success"},
                    "message": {"type": "string", "example": "Alpaca command executed"},
                    "timestamp": {"type": "integer", "example": 1062622, "description": "Milliseconds since boot"},
                    "data": {
                      "type": "object",
                      "description": "Alpaca response as JSON object (direct access, no parse needed)",
                      "properties": {
                        "Value": {"type": "number", "example": 12.5125},
                        "ClientTransactionID": {"type": "integer", "example": 1},
                        "ServerTransactionID": {"type": "integer", "example": 1},
                        "ErrorNumber": {"type": "integer", "example": 0, "description": "0 = success, non-zero = error"},
                        "ErrorMessage": {"type": "string", "example": ""}
                      }
                    }
                  }
                }
              }
            }
          }
        }
      }
    },
    "/api/external/discover": {
      "get": {
        "summary": "Discover external Alpaca devices",
        "description": "Scan network for ASCOM/Alpaca compatible devices using UDP discovery protocol",
        "tags": ["External Alpaca Devices"],
        "responses": {
          "200": {
            "description": "List of discovered devices",
            "content": {
              "application/json": {
                "schema": {
                  "type": "object",
                  "properties": {
                    "status": {"type": "string", "example": "success"},
                    "message": {"type": "string", "example": "Discovery completed"},
                    "data": {
                      "type": "array",
                      "items": {
                        "type": "object",
                        "properties": {
                          "ip": {"type": "string", "example": "192.168.3.120"},
                          "port": {"type": "integer", "example": 80},
                          "devices": {
                            "type": "array",
                            "items": {
                              "type": "object",
                              "properties": {
                                "DeviceName": {"type": "string"},
                                "DeviceType": {"type": "string"},
                                "DeviceNumber": {"type": "integer"}
                              }
                            }
                          }
                        }
                      }
                    }
                  }
                }
              }
            }
          }
        }
      }
    },
    "/license": {
      "get": {
        "summary": "Display project license information",
        "description": "Show MIT License full text, copyright information, and project details in HTML format",
        "tags": ["Information"],
        "responses": {
          "200": {
            "description": "HTML page with license information",
            "content": {
              "text/html": {
                "schema": {"type": "string"}
              }
            }
          }
        }
      }
    },
    "/api/license": {
      "get": {
        "summary": "Get license information in JSON format",
        "description": "Returns project license and copyright information as JSON",
        "tags": ["Information"],
        "responses": {
          "200": {
            "description": "License information",
            "content": {
              "application/json": {
                "schema": {
                  "type": "object",
                  "properties": {
                    "product": {"type": "string", "example": "AiBridge"},
                    "version": {"type": "string", "example": "7.11"},
                    "license": {"type": "string", "example": "MIT License"},
                    "copyright": {"type": "string", "example": "Copyright (c) 2025 Nishioka Sadahiko"},
                    "author": {"type": "string", "example": "Nishioka Sadahiko / 西岡定彦"},
                    "email": {"type": "string", "example": "nishioka.sst@gmail.com"},
                    "website": {"type": "string", "example": "https://nskikaku.blog.fc2.com/"},
                    "github": {"type": "string", "example": "https://github.com/OnStepNinja"}
                  }
                }
              }
            }
          }
        }
      }
    },
    "/api/spec": {
      "get": {
        "summary": "Get OpenAPI specification",
        "description": "Returns this OpenAPI specification document in JSON format",
        "tags": ["Information"],
        "responses": {
          "200": {
            "description": "OpenAPI specification",
            "content": {
              "application/json": {
                "schema": {"type": "object"}
              }
            }
          }
        }
      }
    },
    "/openapi.json": {
      "get": {
        "summary": "Get OpenAPI specification (alias)",
        "description": "Alternative endpoint for OpenAPI specification (same as /api/spec)",
        "tags": ["Information"],
        "responses": {
          "200": {
            "description": "OpenAPI specification",
            "content": {
              "application/json": {
                "schema": {"type": "object"}
              }
            }
          }
        }
      }
    },
    "/alpaca-api-spec.json": {
      "get": {
        "summary": "Get complete Alpaca API specification for AI agents",
        "description": "Comprehensive JSON specification optimized for AI agents (like Comet Browser) to understand and control Alpaca devices. Includes workflows, coordinate conversion, error handling guide, and detailed examples.",
        "tags": ["Information"],
        "responses": {
          "200": {
            "description": "Complete Alpaca API specification in JSON format",
            "content": {
              "application/json": {
                "schema": {"type": "object"}
              }
            }
          }
        }
      }
    }
  },
  "components": {
    "schemas": {
      "AlpacaResponse": {
        "type": "object",
        "properties": {
          "ClientTransactionID": {"type": "integer", "example": 1},
          "ServerTransactionID": {"type": "integer", "example": 1},
          "ErrorNumber": {"type": "integer", "example": 0, "description": "0 = success, non-zero = error code"},
          "ErrorMessage": {"type": "string", "example": "", "description": "Empty on success, error description on failure"}
        },
        "required": ["ClientTransactionID", "ServerTransactionID", "ErrorNumber", "ErrorMessage"]
      },
      "AlpacaBoolResponse": {
        "allOf": [
          {"$ref": "#/components/schemas/AlpacaResponse"},
          {
            "type": "object",
            "properties": {
              "Value": {"type": "boolean", "example": true}
            },
            "required": ["Value"]
          }
        ]
      },
      "AlpacaNumberResponse": {
        "allOf": [
          {"$ref": "#/components/schemas/AlpacaResponse"},
          {
            "type": "object",
            "properties": {
              "Value": {"type": "number", "example": 12.5}
            },
            "required": ["Value"]
          }
        ]
      },
      "AlpacaStringResponse": {
        "allOf": [
          {"$ref": "#/components/schemas/AlpacaResponse"},
          {
            "type": "object",
            "properties": {
              "Value": {"type": "string", "example": "Sample text"}
            },
            "required": ["Value"]
          }
        ]
      }
    }
  }
}ref": "#/components/schemas/AlpacaResponse"}
              }
            }
          }
        }
      }
    },
    "/api/v1/telescope/0/rightascension": {
      "get": {
        "summary": "Get Right Ascension",
        "description": "Returns current RA in decimal hours (0-24)",
        "tags": ["Alpaca Telescope"],
        "responses": {
          "200": {
            "description": "Right Ascension",
            "content": {
              "application/json": {
                "schema": {
                  "$ref": "#/components/schemas/AlpacaNumberResponse"
                },
                "example": {"Value": 12.5125, "ClientTransactionID": 1, "ServerTransactionID": 1, "ErrorNumber": 0, "ErrorMessage": ""}
              }
            }
          }
        }
      }
    },
    "/api/v1/telescope/0/declination": {
      "get": {
        "summary": "Get Declination",
        "description": "Returns current DEC in decimal degrees (-90 to +90)",
        "tags": ["Alpaca Telescope"],
        "responses": {
          "200": {
            "description": "Declination",
            "content": {
              "application/json": {
                "schema": {
                  "$ref": "#/components/schemas/AlpacaNumberResponse"
                },
                "example": {"Value": 41.2692, "ClientTransactionID": 1, "ServerTransactionID": 1, "ErrorNumber": 0, "ErrorMessage": ""}
              }
            }
          }
        }
      }
    },
    "/api/v1/telescope/0/azimuth": {
      "get": {
        "summary": "Get Azimuth",
        "description": "Returns current azimuth in decimal degrees (0-360)",
        "tags": ["Alpaca Telescope"],
        "responses": {
          "200": {
            "description": "Azimuth",
            "content": {
              "application/json": {
                "schema": {
                  "$ref": "#/components/schemas/AlpacaNumberResponse"
                },
                "example": {"Value": 180.5, "ClientTransactionID": 1, "ServerTransactionID": 1, "ErrorNumber": 0, "ErrorMessage": ""}
              }
            }
          }
        }
      }
    },
    "/api/v1/telescope/0/altitude": {
      "get": {
        "summary": "Get Altitude",
        "description": "Returns current altitude in decimal degrees (0-90)",
        "tags": ["Alpaca Telescope"],
        "responses": {
          "200": {
            "description": "Altitude",
            "content": {
              "application/json": {
                "schema": {
                  "$ref": "#/components/schemas/AlpacaNumberResponse"
                },
                "example": {"Value": 45.3, "ClientTransactionID": 1, "ServerTransactionID": 1, "ErrorNumber": 0, "ErrorMessage": ""}
              }
            }
          }
        }
      }
    },
    "/api/v1/telescope/0/tracking": {
      "get": {
        "summary": "Get tracking status",
        "description": "Returns whether telescope is tracking",
        "tags": ["Alpaca Telescope"],
        "responses": {
          "200": {
            "description": "Tracking status",
            "content": {
              "application/json": {
                "schema": {
                  "$ref": "#/components/schemas/AlpacaBoolResponse"
                },
                "example": {"Value": true, "ClientTransactionID": 1, "ServerTransactionID": 1, "ErrorNumber": 0, "ErrorMessage": ""}
              }
            }
          }
        }
      },
      "put": {
        "summary": "Set tracking",
        "description": "Enable or disable tracking",
        "tags": ["Alpaca Telescope"],
        "parameters": [
          {
            "name": "Tracking",
            "in": "query",
            "required": true,
            "schema": {"type": "boolean"}
          }
        ],
        "responses": {
          "200": {
            "description": "Tracking updated",
            "content": {
              "application/json": {
                "schema": {"$ref": "#/components/schemas/AlpacaResponse"}
              }
            }
          }
        }
      }
    },
    "/api/v1/telescope/0/slewing": {
      "get": {
        "summary": "Get slewing status",
        "description": "Returns true if telescope is currently slewing (high-speed movement only)",
        "tags": ["Alpaca Telescope"],
        "responses": {
          "200": {
            "description": "Slewing status",
            "content": {
              "application/json": {
                "schema": {
                  "$ref": "#/components/schemas/AlpacaBoolResponse"
                },
                "example": {"Value": false, "ClientTransactionID": 1, "ServerTransactionID": 1, "ErrorNumber": 0, "ErrorMessage": ""}
              }
            }
          }
        }
      }
    },
    "/api/v1/telescope/0/slewtocoordinatesasync": {
      "put": {
        "summary": "Slew to coordinates (async)",
        "description": "Start slewing to specified RA/DEC coordinates (decimal format: RA in hours, DEC in degrees)",
        "tags": ["Alpaca Telescope"],
        "parameters": [
          {
            "name": "RightAscension",
            "in": "query",
            "required": true,
            "schema": {"type": "number"},
            "example": 12.5125,
            "description": "Right Ascension in decimal hours (0-24)"
          },
          {
            "name": "Declination",
            "in": "query",
            "required": true,
            "schema": {"type": "number"},
            "example": 41.2692,
            "description": "Declination in decimal degrees (-90 to +90)"
          }
        ],
        "responses": {
          "200": {
            "description": "Slew started",
            "content": {
              "application/json": {
                "schema": {"$ref": "#/components/schemas/AlpacaResponse"}
              }
            }
          }
        }
      }
    },
    "/api/v1/telescope/0/abortslew": {
      "put": {
        "summary": "Abort slew",
        "description": "Immediately stop telescope movement",
        "tags": ["Alpaca Telescope"],
        "responses": {
          "200": {
            "description": "Slew aborted",
            "content": {
              "application/json": {
                "schema": {"$ref": "#/components/schemas/AlpacaResponse"}
              }
            }
          }
        }
      }
    },
    "/api/v1/telescope/0/canslew": {
      "get": {
        "summary": "Check if telescope can slew",
        "description": "Returns true if telescope supports slewing",
        "tags": ["Alpaca Telescope"],
        "responses": {
          "200": {
            "description": "Can slew capability",
            "content": {
              "application/json": {
                "schema": {
                  "$ref": "#/components/schemas/AlpacaBoolResponse"
                },
                "example": {"Value": true, "ClientTransactionID": 1, "ServerTransactionID": 1, "ErrorNumber": 0, "ErrorMessage": ""}
              }
            }
          }
        }
      }
    },
    "/api/v1/telescope/0/canpulseguide": {
      "get": {
        "summary": "Check if telescope can pulse guide",
        "description": "Returns true if telescope supports pulse guiding for autoguiding",
        "tags": ["Alpaca Telescope"],
        "responses": {
          "200": {
            "description": "Can pulse guide capability",
            "content": {
              "application/json": {
                "schema": {
                  "$ref": "#/components/schemas/AlpacaBoolResponse"
                },
                "example": {"Value": true, "ClientTransactionID": 1, "ServerTransactionID": 1, "ErrorNumber": 0, "ErrorMessage": ""}
              }
            }
          }
        }
      }
    },
    "/api/v1/telescope/0/pulseguide": {
      "put": {
        "summary": "Pulse guide",
        "description": "Execute a pulse guide command for autoguiding (PHD2 compatible). Direction: 0=North, 1=South, 2=East, 3=West",
        "tags": ["Alpaca Telescope"],
        "parameters": [
          {
            "name": "Direction",
            "in": "query",
            "required": true,
            "schema": {"type": "integer", "enum": [0, 1, 2, 3]},
            "example": 0,
            "description": "Guide direction (0=N, 1=S, 2=E, 3=W)"
          },
          {
            "name": "Duration",
            "in": "query",
            "required": true,
            "schema": {"type": "integer"},
            "example": 1000,
            "description": "Guide pulse duration in milliseconds"
          }
        ],
        "responses": {
          "200": {
            "description": "Pulse guide executed",
            "content": {
              "application/json": {
                "schema": {"$ref": "#/components/schemas/AlpacaResponse"}
              }
            }
          }
        }
      }
    },
    "/api/v1/telescope/0/ispulseguiding": {
      "get": {
        "summary": "Check if pulse guiding",
        "description": "Returns true if a pulse guide is currently in progress",
        "tags": ["Alpaca Telescope"],
        "responses": {
          "200": {
            "description": "Pulse guiding status",
            "content": {
              "application/json": {
                "schema": {
                  "$ref": "#/components/schemas/AlpacaBoolResponse"
                },
                "example": {"Value": false, "ClientTransactionID": 1, "ServerTransactionID": 1, "ErrorNumber": 0, "ErrorMessage": ""}
              }
            }
          }
        }
      }
    },
    "/api/v1/telescope/0/canpark": {
      "get": {
        "summary": "Check if telescope can park",
        "description": "Returns false (parking not supported by OnStep via Alpaca)",
        "tags": ["Alpaca Telescope"],
        "responses": {
          "200": {
            "description": "Can park capability",
            "content": {
              "application/json": {
                "schema": {
                  "$ref": "#/components/schemas/AlpacaBoolResponse"
                },
                "example": {"Value": false, "ClientTransactionID": 1, "ServerTransactionID": 1, "ErrorNumber": 0, "ErrorMessage": ""}
              }
            }
          }
        }
      }
    },
    "/api/v1/telescope/0/athome": {
      "get": {
        "summary": "Check if at home position",
        "description": "Returns whether telescope is at home position",
        "tags": ["Alpaca Telescope"],
        "responses": {
          "200": {
            "description": "At home status",
            "content": {
              "application/json": {
                "schema": {
                  "$ref": "#/components/schemas/AlpacaBoolResponse"
                },
                "example": {"Value": false, "ClientTransactionID": 1, "ServerTransactionID": 1, "ErrorNumber": 0, "ErrorMessage": ""}
              }
            }
          }
        }
      }
    },
    "/api/v1/telescope/0/atpark": {
      "get": {
        "summary": "Check if at park position",
        "description": "Returns whether telescope is parked",
        "tags": ["Alpaca Telescope"],
        "responses": {
          "200": {
            "description": "At park status",
            "content": {
              "application/json": {
                "schema": {
                  "$ref": "#/components/schemas/AlpacaBoolResponse"
                },
                "example": {"Value": false, "ClientTransactionID": 1, "ServerTransactionID": 1, "ErrorNumber": 0, "ErrorMessage": ""}
              }
            }
          }
        }
      }
    },
    "/api/v1/observingconditions/0/connected": {
      "get": {
        "summary": "Get weather sensor connection status",
        "description": "Returns whether DHT22 sensor is connected",
        "tags": ["Alpaca ObservingConditions"],
        "responses": {
          "200": {
            "description": "Connection status",
            "content": {
              "application/json": {
                "schema": {"$ref": "#/components/schemas/AlpacaBoolResponse"}
              }
            }
          }
        }
      },
      "put": {
        "summary": "Set weather sensor connection",
        "description": "Connect or disconnect weather sensor",
        "tags": ["Alpaca ObservingConditions"],
        "parameters": [
          {
            "name": "Connected",
            "in": "query",
            "required": true,
            "schema": {"type": "boolean"}
          }
        ],
        "responses": {
          "200": {
            "description": "Connection updated",
            "content": {
              "application/json": {
                "schema": {"$ref": "#/components/schemas/AlpacaResponse"}
              }
            }
          }
        }
      }
    },
    "/api/v1/observingconditions/0/temperature": {
      "get": {
        "summary": "Get temperature",
        "description": "Returns current temperature in Celsius from DHT22 sensor. Returns -999.0 if sensor error.",
        "tags": ["Alpaca ObservingConditions"],
        "responses": {
          "200": {
            "description": "Temperature in Celsius",
            "content": {
              "application/json": {
                "schema": {
                  "$ref": "#/components/schemas/AlpacaNumberResponse"
                },
                "example": {"Value": 22.5, "ClientTransactionID": 1, "ServerTransactionID": 1, "ErrorNumber": 0, "ErrorMessage": ""}
              }
            }
          }
        }
      }
    },
    "/api/v1/observingconditions/0/humidity": {
      "get": {
        "summary": "Get humidity",
        "description": "Returns current relative humidity (0-100%) from DHT22 sensor. Returns -999.0 if sensor error.",
        "tags": ["Alpaca ObservingConditions"],
        "responses": {
          "200": {
            "description": "Relative humidity percentage",
            "content": {
              "application/json": {
                "schema": {
                  "$ref": "#/components/schemas/AlpacaNumberResponse"
                },
                "example": {"Value": 65.2, "ClientTransactionID": 1, "ServerTransactionID": 1, "ErrorNumber": 0, "ErrorMessage": ""}
              }
            }
          }
        }
      }
    },
    "/api/v1/observingconditions/0/timesincelastupdate": {
      "get": {
        "summary": "Get time since last sensor update",
        "description": "Returns seconds since last weather sensor reading (60 second update interval)",
        "tags": ["Alpaca ObservingConditions"],
        "responses": {
          "200": {
            "description": "Seconds since update",
            "content": {
              "application/json": {
                "schema": {
                  "$ref": "#/components/schemas/AlpacaNumberResponse"
                },
                "example": {"Value": 15.3, "ClientTransactionID": 1, "ServerTransactionID": 1, "ErrorNumber": 0, "ErrorMessage": ""}
              }
            }
          }
        }
      }
    },
    "/api/v1/switch/0/connected": {
      "get": {
        "summary": "Get switch connection status",
        "description": "Returns whether relay switches are connected",
        "tags": ["Alpaca Switch"],
        "responses": {
          "200": {
            "description": "Connection status",
            "content": {
              "application/json": {
                "schema": {"$ref": "#/components/schemas/AlpacaBoolResponse"}
              }
            }
          }
        }
      },
      "put": {
        "summary": "Set switch connection",
        "description": "Connect or disconnect relay switches",
        "tags": ["Alpaca Switch"],
        "parameters": [
          {
            "name": "Connected",
            "in": "query",
            "required": true,
            "schema": {"type": "boolean"}
          }
        ],
        "responses": {
          "200": {
            "description": "Connection updated",
            "content": {
              "application/json": {
                "schema": {"$