{
  "schema_info": {
    "schema_name": "AiBridge Alpaca API Specification for AI Agents",
    "version": "7.11",
    "author": "Nishioka Sadahiko / 西岡定彦",
    "license": "MIT License",
    "copyright": "Copyright (c) 2025 Nishioka Sadahiko",
    "repository": "https://github.com/OnStepNinja/AiBridge",
    "email": "nishioka.sst@gmail.com",
    "description": "Alpaca API guide for AI agents to control telescopes and observatory equipment via AiBridge"
  },

  "important_notes": {
    "purpose": "Enable AI agents to control ASCOM/Alpaca-compatible telescopes through AiBridge proxy",
    "coordinate_format": "Alpaca uses DECIMAL coordinates (RA: 0-24 hours, DEC: -90 to +90 degrees)",
    "response_structure": "AiBridge wraps Alpaca responses. The 'data' field contains Alpaca response as JSON object (direct access, no JSON.parse needed)",
    "discovery_required": "Always discover devices first - never assume IP addresses"
  },

  "api_overview": {
    "base_endpoint": "/api/external/alpaca",
    "discovery_endpoint": "/api/external/discover",
    "methods": ["GET for queries", "PUT for commands"],
    "supported_devices": ["telescope", "focuser", "filterwheel", "camera", "dome", "rotator", "switch", "safetymonitor", "observingconditions"]
  },

  "required_parameters": {
    "target": {
      "type": "string",
      "description": "IP address of target Alpaca device",
      "example": "192.168.3.120",
      "obtain_via": "/api/external/discover"
    },
    "device": {
      "type": "string",
      "description": "Alpaca device type",
      "example": "telescope"
    },
    "property": {
      "type": "string",
      "description": "Alpaca property or method name (lowercase)",
      "examples": ["rightascension", "declination", "slewtocoordinatesasync", "abortslew"]
    }
  },

  "optional_parameters": {
    "number": {
      "type": "integer",
      "default": 0,
      "description": "Device number for multiple devices of same type"
    },
    "port": {
      "type": "integer",
      "default": 80,
      "description": "Alpaca server port"
    },
    "method": {
      "type": "string",
      "default": "GET",
      "values": ["GET", "PUT", "POST"]
    },
    "params": {
      "type": "string",
      "description": "URL-encoded parameters for PUT/POST",
      "example": "RightAscension%3D0.7122%26Declination%3D41.2692"
    }
  },

  "workflow": {
    "step_1_discover": {
      "description": "Find all Alpaca devices on network",
      "endpoint": "GET /api/external/discover",
      "response": "List of devices with IP addresses and types"
    },
    "step_2_check_status": {
      "description": "Verify telescope is connected and ready",
      "examples": [
        "GET /api/external/alpaca?target=IP&device=telescope&property=connected",
        "GET /api/external/alpaca?target=IP&device=telescope&property=atpark"
      ]
    },
    "step_3_get_position": {
      "description": "Read current telescope coordinates",
      "examples": [
        "GET /api/external/alpaca?target=IP&device=telescope&property=rightascension",
        "GET /api/external/alpaca?target=IP&device=telescope&property=declination"
      ]
    },
    "step_4_goto": {
      "description": "Slew to target coordinates (decimal format only)",
      "endpoint": "PUT /api/external/alpaca",
      "parameters": "target=IP&device=telescope&property=slewtocoordinatesasync&method=PUT&params=RightAscension%3D0.7122%26Declination%3D41.2692",
      "coordinate_note": "Use decimal: RA in hours (0-24), DEC in degrees (-90 to +90)"
    },
    "step_5_monitor": {
      "description": "Wait for GOTO completion",
      "endpoint": "GET /api/external/alpaca?target=IP&device=telescope&property=slewing",
      "polling": "Check every 1-2 seconds until returns false"
    },
    "step_6_verify": {
      "description": "Confirm arrival at target",
      "action": "Read RA/DEC again and compare with target"
    }
  },

  "coordinate_conversion": {
    "critical": "Alpaca requires DECIMAL coordinates, not HMS/DMS strings",
    "ra_conversion": {
      "from": "HH:MM:SS (e.g., 12:30:45)",
      "to": "Decimal hours (e.g., 12.5125)",
      "formula": "Hours + (Minutes / 60) + (Seconds / 3600)"
    },
    "dec_conversion": {
      "from": "±DD:MM:SS (e.g., +41:16:09)",
      "to": "Decimal degrees (e.g., 41.2692)",
      "formula": "Degrees + (Arcminutes / 60) + (Arcseconds / 3600)",
      "note": "Preserve negative sign for southern declinations"
    }
  },

  "response_parsing": {
    "aibridge_response": {
      "structure": "{status, message, timestamp, data}",
      "data_field": "Contains Alpaca response as JSON object - direct access, no parse needed"
    },
    "alpaca_response": {
      "structure": "{Value, ErrorNumber, ErrorMessage, ClientTransactionID, ServerTransactionID}",
      "error_check": "ErrorNumber === 0 means success, non-zero means error"
    },
    "parsing_example": "const response = await fetch(url); const data = await response.json(); const value = data.data.Value;"
  },

  "common_telescope_operations": {
    "get_coordinates": {
      "ra": "GET /api/external/alpaca?target=IP&device=telescope&property=rightascension",
      "dec": "GET /api/external/alpaca?target=IP&device=telescope&property=declination",
      "returns": "Decimal format (RA: hours, DEC: degrees)",
      "access": "value = response.data.Value (direct access)"
    },
    "goto_target": {
      "endpoint": "PUT /api/external/alpaca?target=IP&device=telescope&property=slewtocoordinatesasync&method=PUT&params=RightAscension%3D0.7122%26Declination%3D41.2692",
      "note": "Returns immediately, use 'slewing' to monitor progress"
    },
    "stop_motion": {
      "endpoint": "PUT /api/external/alpaca?target=IP&device=telescope&property=abortslew&method=PUT",
      "use": "Emergency stop or cancel GOTO"
    },
    "check_slewing": {
      "endpoint": "GET /api/external/alpaca?target=IP&device=telescope&property=slewing",
      "returns": "true if moving, false if stationary",
      "access": "slewing = response.data.Value"
    },
    "check_tracking": {
      "endpoint": "GET /api/external/alpaca?target=IP&device=telescope&property=tracking",
      "returns": "true if tracking stars",
      "access": "tracking = response.data.Value"
    },
    "enable_tracking": {
      "endpoint": "PUT /api/external/alpaca?target=IP&device=telescope&property=tracking&method=PUT&params=Tracking%3Dtrue"
    }
  },

  "error_handling": {
    "check_http_status": "Response HTTP status should be 200",
    "check_aibridge_status": "response.status should be 'success'",
    "check_alpaca_error": "response.data.ErrorNumber should be 0",
    "common_errors": {
      "1024": "Not implemented - feature not supported by device",
      "1025": "Invalid value - check parameter values",
      "1027": "Not connected - device offline or disconnected",
      "1030": "Invalid coordinates - target unreachable or out of range"
    }
  },

  "best_practices": {
    "always_discover_first": "Use /api/external/discover to find device IPs automatically",
    "always_use_decimal": "Never send HMS/DMS strings to Alpaca - convert to decimal first",
    "always_monitor_slewing": "Poll 'slewing' property after GOTO until it returns false",
    "always_check_errors": "Check ErrorNumber in Alpaca response before using Value (response.data.ErrorNumber === 0)",
    "never_assume_ip": "IP addresses may change, always discover",
    "never_poll_too_fast": "Wait 1-2 seconds between status checks during GOTO",
    "never_send_goto_while_slewing": "Wait for current GOTO to complete first",
    "direct_access": "No JSON.parse needed - access response.data.Value directly"
  },

  "aibridge_local_telescope": {
    "note": "AiBridge also provides direct OnStep control (not Alpaca)",
    "endpoints": {
      "/api/status": "Get OnStep telescope status (simplified API)",
      "/api/goto": "GOTO using LX200 HMS/DMS format",
      "/api/command": "Send raw LX200 command",
      "/api/stop": "Emergency stop"
    },
    "coordinate_format": "OnStep API uses LX200 HMS/DMS format (HH:MM:SS, ±DD:MM:SS)",
    "when_to_use": "Use OnStep API for AiBridge's own telescope, Alpaca API for external devices"
  },

  "update_history": {
    "version_7.11": {
      "date": "2025-10-17",
      "changes": [
        "Added PulseGuide API for autoguiding (PHD2 compatible)",
        "Added ObservingConditions API with DHT22 sensor support",
        "Added Switch API for 4-channel relay control",
        "Added Location Name feature for multi-telescope identification",
        "Simplified documentation - removed redundant examples and catalogs"
      ]
    },
    "version_7.10": {
      "date": "2025-10-05",
      "changes": [
        "Added schema_info with license information",
        "Updated copyright and repository information"
      ]
    },
    "version_7.9": {
      "date": "2025-10-04",
      "changes": [
        "Initial alpaca-api-spec.json for AI agents",
        "Universal Alpaca proxy endpoint implementation",
        "Device discovery with network scanning"
      ]
    }
  },

  "quick_reference": {
    "discover_devices": "GET /api/external/discover",
    "get_ra": "GET /api/external/alpaca?target=IP&device=telescope&property=rightascension",
    "get_dec": "GET /api/external/alpaca?target=IP&device=telescope&property=declination",
    "goto": "PUT /api/external/alpaca?target=IP&device=telescope&property=slewtocoordinatesasync&method=PUT&params=RightAscension%3D{RA}%26Declination%3D{DEC}",
    "stop": "PUT /api/external/alpaca?target=IP&device=telescope&property=abortslew&method=PUT",
    "check_slewing": "GET /api/external/alpaca?target=IP&device=telescope&property=slewing",
    "note": "Replace IP with actual device IP, {RA} with decimal hours, {DEC} with decimal degrees",
    "access_pattern": "response.data.Value (direct object access, no JSON.parse needed)"
  },

  "example_goto_sequence": {
    "user_request": "Point telescope at Andromeda Galaxy",
    "ai_steps": [
      "1. Look up M31 coordinates (web search): RA=0.7122h, DEC=41.2692°",
      "2. Discover telescope: GET /api/external/discover",
      "3. Extract IP from discovery response: e.g., 192.168.3.120",
      "4. Send GOTO: PUT /api/external/alpaca?target=192.168.3.120&device=telescope&property=slewtocoordinatesasync&method=PUT&params=RightAscension%3D0.7122%26Declination%3D41.2692",
      "5. Monitor progress: Loop GET /api/external/alpaca?target=192.168.3.120&device=telescope&property=slewing until response.data.Value === false",
      "6. Inform user: 'Telescope is now pointing at M31 Andromeda Galaxy'"
    ],
    "coordinate_source": "Use web search or astronomy databases for current object coordinates",
    "response_access": "Direct access: slewing = response.data.Value (no JSON.parse needed)"
  },

  "contact_and_support": {
    "author": "Nishioka Sadahiko / 西岡定彦",
    "email": "nishioka.sst@gmail.com",
    "website": "https://nskikaku.blog.fc2.com/",
    "github": "https://github.com/OnStepNinja",
    "license": "MIT License - Free to use, modify, and distribute"
  }
}