{
  "schema_info": {
    "schema_name": "AiBridge Alpaca API Specification for AI Agents",
    "version": "7.10",
    "author": "Nishioka Sadahiko / 西岡定彦",
    "license": "MIT License",
    "license_url": "https://opensource.org/licenses/MIT",
    "copyright": "Copyright (c) 2025 Nishioka Sadahiko",
    "repository": "https://github.com/OnStepNinja/AiBridge",
    "email": "nishioka.sst@gmail.com",
    "description": "Complete Alpaca API guide optimized for AI agents (Comet Browser) to control telescopes and observatory equipment via AiBridge proxy"
  },

  "important_notes": {
    "for_ai_agents": "This is a comprehensive guide for AI agents (like Comet Browser) to control Alpaca-compatible devices through AiBridge. Read this entire specification to understand the API structure, coordinate systems, and best practices.",
    "primary_use_case": "Enable conversational AI control of telescopes and observatory equipment",
    "coordinate_format": "Alpaca uses decimal coordinates (RA: hours 0-24, DEC: degrees -90 to +90)",
    "response_structure": "AiBridge returns {status, message, data}, where 'data' contains Alpaca JSON response as a string - use JSON.parse(response.data) to access Alpaca response"
  },

  "api_overview": {
    "base_endpoint": "/api/external/alpaca",
    "method": "GET (for queries), PUT/POST (for commands)",
    "purpose": "Universal proxy to control any Alpaca-compatible device",
    "supported_devices": [
      "Telescope",
      "Focuser",
      "FilterWheel",
      "Camera",
      "Dome",
      "Rotator",
      "Switch",
      "SafetyMonitor",
      "ObservingConditions"
    ]
  },

  "required_parameters": {
    "target": {
      "type": "string",
      "description": "IP address of the target Alpaca device",
      "example": "192.168.3.120",
      "note": "Use /api/external/discover to find devices automatically"
    },
    "device": {
      "type": "string",
      "description": "Type of Alpaca device",
      "allowed_values": ["telescope", "focuser", "filterwheel", "camera", "dome", "rotator", "switch", "safetymonitor", "observingconditions"],
      "example": "telescope"
    },
    "property": {
      "type": "string",
      "description": "Alpaca property or method name (lowercase)",
      "examples": [
        "rightascension",
        "declination",
        "slewtocoordinatesasync",
        "abortslew",
        "connected",
        "tracking",
        "slewing"
      ]
    }
  },

  "optional_parameters": {
    "number": {
      "type": "integer",
      "default": 0,
      "description": "Device number (for multiple devices of same type)",
      "example": 0
    },
    "port": {
      "type": "integer",
      "default": 80,
      "description": "Alpaca server port",
      "example": 80
    },
    "method": {
      "type": "string",
      "default": "GET",
      "allowed_values": ["GET", "PUT", "POST"],
      "description": "HTTP method to use"
    },
    "params": {
      "type": "string",
      "description": "URL-encoded parameters for PUT/POST requests",
      "example": "RightAscension=0.7122&Declination=41.2692",
      "note": "Required for commands that need parameters (like GOTO)"
    }
  },

  "response_format": {
    "aibridge_wrapper": {
      "status": "success or error",
      "message": "Human-readable message",
      "data": "Alpaca JSON response as STRING (needs JSON.parse)"
    },
    "alpaca_response_inside_data": {
      "Value": "The requested value (for GET requests)",
      "ClientTransactionID": 1,
      "ServerTransactionID": 1,
      "ErrorNumber": "0 = success, non-zero = error",
      "ErrorMessage": "Error description if ErrorNumber != 0"
    },
    "critical_note": "ALWAYS use JSON.parse(response.data) to access Alpaca response. The 'data' field is a JSON string, not an object."
  },

  "step_by_step_workflow": {
    "step_1_discover_devices": {
      "description": "Find Alpaca devices on network",
      "endpoint": "GET /api/external/discover",
      "returns": "List of devices with IP, port, DeviceName, DeviceType",
      "example_response": {
        "status": "success",
        "data": [
          {
            "ip": "192.168.3.120",
            "port": 80,
            "devices": [
              {
                "DeviceName": "AiBridge Telescope",
                "DeviceType": "Telescope",
                "DeviceNumber": 0
              }
            ]
          }
        ]
      },
      "note": "Always start with discovery - never assume IP addresses"
    },
    "step_2_check_connection": {
      "description": "Verify device is connected",
      "url": "GET /api/external/alpaca?target=192.168.3.120&device=telescope&property=connected&method=GET",
      "expected_value": "true",
      "action_if_false": "Call connected property with method=PUT to establish connection"
    },
    "step_3_check_park_status": {
      "description": "Check if telescope is parked",
      "url": "GET /api/external/alpaca?target=192.168.3.120&device=telescope&property=atpark&method=GET",
      "action_if_true": "Call unpark property with method=PUT before issuing GOTO"
    },
    "step_4_issue_goto": {
      "description": "Slew telescope to coordinates",
      "url": "PUT /api/external/alpaca?target=192.168.3.120&device=telescope&property=slewtocoordinatesasync&method=PUT&params=RightAscension%3D0.7122%26Declination%3D41.2692",
      "coordinate_format": "Decimal: RA in hours (0-24), DEC in degrees (-90 to +90)",
      "url_encoding": "Required for params parameter"
    },
    "step_5_monitor_slewing": {
      "description": "Wait for GOTO to complete",
      "url": "GET /api/external/alpaca?target=192.168.3.120&device=telescope&property=slewing&method=GET",
      "polling_interval": "1-2 seconds",
      "continue_until": "slewing returns false",
      "timeout": "Consider 120 seconds as timeout"
    },
    "step_6_verify_position": {
      "description": "Confirm telescope arrived at target",
      "urls": [
        "GET /api/external/alpaca?target=IP&device=telescope&property=rightascension",
        "GET /api/external/alpaca?target=IP&device=telescope&property=declination"
      ],
      "compare": "Check if current position matches target (within tolerance)"
    }
  },

  "telescope_control_examples": {
    "get_ra": {
      "description": "Get current Right Ascension",
      "url": "GET /api/external/alpaca?target=192.168.3.120&device=telescope&property=rightascension&method=GET",
      "response_example": {
        "status": "success",
        "data": "{\"Value\":12.5125,\"ErrorNumber\":0,\"ErrorMessage\":\"\"}"
      },
      "parse_example": "const alpaca = JSON.parse(response.data); const ra = alpaca.Value; // 12.5125 hours"
    },
    "get_dec": {
      "description": "Get current Declination",
      "url": "GET /api/external/alpaca?target=192.168.3.120&device=telescope&property=declination&method=GET",
      "response_example": {
        "status": "success",
        "data": "{\"Value\":41.2692,\"ErrorNumber\":0,\"ErrorMessage\":\"\"}"
      }
    },
    "goto_coordinates": {
      "description": "Slew to RA/DEC coordinates",
      "url": "PUT /api/external/alpaca?target=192.168.3.120&device=telescope&property=slewtocoordinatesasync&method=PUT&params=RightAscension%3D0.7122%26Declination%3D41.2692",
      "params_decoded": "RightAscension=0.7122&Declination=41.2692",
      "note": "Coordinates must be decimal (not HMS/DMS format)"
    },
    "stop_motion": {
      "description": "Emergency stop / abort slew",
      "url": "PUT /api/external/alpaca?target=192.168.3.120&device=telescope&property=abortslew&method=PUT"
    },
    "check_slewing": {
      "description": "Check if telescope is moving",
      "url": "GET /api/external/alpaca?target=192.168.3.120&device=telescope&property=slewing&method=GET",
      "returns": "true if moving, false if stationary"
    },
    "check_tracking": {
      "description": "Check if telescope is tracking",
      "url": "GET /api/external/alpaca?target=192.168.3.120&device=telescope&property=tracking&method=GET",
      "returns": "true if tracking stars, false if stopped"
    },
    "enable_tracking": {
      "description": "Enable sidereal tracking",
      "url": "PUT /api/external/alpaca?target=192.168.3.120&device=telescope&property=tracking&method=PUT&params=Tracking%3Dtrue"
    }
  },

  "focuser_control_examples": {
    "get_position": {
      "description": "Get current focuser position",
      "url": "GET /api/external/alpaca?target=192.168.3.120&device=focuser&property=position&method=GET"
    },
    "move_absolute": {
      "description": "Move focuser to absolute position",
      "url": "PUT /api/external/alpaca?target=192.168.3.120&device=focuser&property=move&method=PUT&params=Position%3D5000"
    },
    "check_moving": {
      "description": "Check if focuser is moving",
      "url": "GET /api/external/alpaca?target=192.168.3.120&device=focuser&property=ismoving&method=GET"
    }
  },

  "coordinate_conversion": {
    "critical_note": "Alpaca uses DECIMAL coordinates, not HMS/DMS strings",
    "ra_conversion": {
      "input_format": "HH:MM:SS (e.g., 12:30:45)",
      "formula": "Hours + (Minutes / 60) + (Seconds / 3600)",
      "example_calculation": "12 + (30/60) + (45/3600) = 12.5125 hours",
      "output_format": "Decimal hours (0.0 to 24.0)"
    },
    "dec_conversion": {
      "input_format": "±DD:MM:SS (e.g., +41:16:09)",
      "formula": "Degrees + (Arcminutes / 60) + (Arcseconds / 3600)",
      "example_calculation": "41 + (16/60) + (9/3600) = 41.2692 degrees",
      "output_format": "Decimal degrees (-90.0 to +90.0)",
      "sign_handling": "Preserve negative sign for southern declinations"
    },
    "javascript_example": {
      "hms_to_decimal": "function raToDecimal(hms) { const [h,m,s] = hms.split(':').map(Number); return h + m/60 + s/3600; }",
      "dms_to_decimal": "function decToDecimal(dms) { const sign = dms.startsWith('-') ? -1 : 1; const [d,m,s] = dms.replace(/[+-]/,'').split(':').map(Number); return sign * (d + m/60 + s/3600); }"
    }
  },

  "celestial_object_catalog": {
    "note": "Popular deep-sky objects with J2000.0 coordinates in decimal format",
    "messier_objects": {
      "M31": {
        "name": "Andromeda Galaxy",
        "type": "Spiral Galaxy",
        "ra": 0.7122,
        "dec": 41.2692,
        "magnitude": 3.4,
        "constellation": "Andromeda",
        "best_season": "Autumn (Northern Hemisphere)"
      },
      "M42": {
        "name": "Orion Nebula",
        "type": "Emission Nebula",
        "ra": 5.5875,
        "dec": -5.3911,
        "magnitude": 4.0,
        "constellation": "Orion",
        "best_season": "Winter (Northern Hemisphere)"
      },
      "M13": {
        "name": "Hercules Cluster",
        "type": "Globular Cluster",
        "ra": 16.6950,
        "dec": 36.4608,
        "magnitude": 5.8,
        "constellation": "Hercules",
        "best_season": "Summer (Northern Hemisphere)"
      },
      "M27": {
        "name": "Dumbbell Nebula",
        "type": "Planetary Nebula",
        "ra": 19.9956,
        "dec": 22.7211,
        "magnitude": 7.5,
        "constellation": "Vulpecula",
        "best_season": "Summer/Autumn (Northern Hemisphere)"
      },
      "M51": {
        "name": "Whirlpool Galaxy",
        "type": "Spiral Galaxy",
        "ra": 13.4956,
        "dec": 47.1953,
        "magnitude": 8.4,
        "constellation": "Canes Venatici",
        "best_season": "Spring (Northern Hemisphere)"
      },
      "M57": {
        "name": "Ring Nebula",
        "type": "Planetary Nebula",
        "ra": 18.8897,
        "dec": 33.0292,
        "magnitude": 8.8,
        "constellation": "Lyra",
        "best_season": "Summer (Northern Hemisphere)"
      },
      "M81": {
        "name": "Bode's Galaxy",
        "type": "Spiral Galaxy",
        "ra": 9.9258,
        "dec": 69.0653,
        "magnitude": 6.9,
        "constellation": "Ursa Major",
        "best_season": "Spring (Northern Hemisphere)"
      },
      "M1": {
        "name": "Crab Nebula",
        "type": "Supernova Remnant",
        "ra": 5.5756,
        "dec": 22.0147,
        "magnitude": 8.4,
        "constellation": "Taurus",
        "best_season": "Winter (Northern Hemisphere)"
      },
      "M44": {
        "name": "Beehive Cluster",
        "type": "Open Cluster",
        "ra": 8.6731,
        "dec": 19.9831,
        "magnitude": 3.7,
        "constellation": "Cancer",
        "best_season": "Winter/Spring (Northern Hemisphere)"
      }
    },
    "bright_stars": {
      "Sirius": {
        "name": "Sirius (Alpha Canis Majoris)",
        "type": "Star",
        "ra": 6.7525,
        "dec": -16.7161,
        "magnitude": -1.46,
        "constellation": "Canis Major",
        "note": "Brightest star in night sky"
      },
      "Vega": {
        "name": "Vega (Alpha Lyrae)",
        "type": "Star",
        "ra": 18.6156,
        "dec": 38.7836,
        "magnitude": 0.03,
        "constellation": "Lyra",
        "note": "Summer Triangle member"
      },
      "Arcturus": {
        "name": "Arcturus (Alpha Bootis)",
        "type": "Star",
        "ra": 14.2611,
        "dec": 19.1825,
        "magnitude": -0.05,
        "constellation": "Bootes",
        "note": "Red giant, easily visible"
      },
      "Betelgeuse": {
        "name": "Betelgeuse (Alpha Orionis)",
        "type": "Star",
        "ra": 5.9194,
        "dec": 7.4072,
        "magnitude": 0.50,
        "constellation": "Orion",
        "note": "Red supergiant, variable brightness"
      }
    },
    "planets_note": {
      "important": "Planet positions change constantly. The coordinates below are NOT VALID.",
      "recommendation": "AI agents should calculate current planetary positions using astronomical algorithms or query online ephemeris services",
      "calculation_methods": [
        "Use PyEphem or Skyfield Python libraries",
        "Query JPL Horizons system API",
        "Use online ephemeris calculators",
        "Calculate using VSOP87 theory"
      ],
      "do_not_use_static_coordinates": "NEVER use pre-calculated coordinates for planets. They move daily!"
    }
  },

  "error_handling": {
    "common_errors": {
      "device_not_found": {
        "http_status": 500,
        "symptom": "Failed to execute Alpaca command",
        "possible_causes": [
          "Device is offline or powered off",
          "Wrong IP address",
          "Firewall blocking communication",
          "Device not on same network"
        ],
        "solutions": [
          "Run /api/external/discover again to verify device is online",
          "Check device power and network connection",
          "Verify IP address hasn't changed (DHCP)",
          "Check firewall settings on device"
        ]
      },
      "invalid_coordinates": {
        "alpaca_error": "ErrorNumber != 0",
        "symptom": "GOTO fails or returns error",
        "possible_causes": [
          "RA not in range 0-24 hours",
          "DEC not in range -90 to +90 degrees",
          "Coordinates in HMS/DMS format instead of decimal",
          "Target below horizon"
        ],
        "solutions": [
          "Verify RA is decimal hours (0-24), not HH:MM:SS",
          "Verify DEC is decimal degrees (-90 to +90), not DD:MM:SS",
          "Check coordinate conversion calculations",
          "Verify object is above horizon at current location/time"
        ]
      },
      "telescope_parked": {
        "symptom": "GOTO command ignored or returns error",
        "cause": "Telescope is in parked state",
        "solution": "Call unpark property before GOTO",
        "check_url": "/api/external/alpaca?target=IP&device=telescope&property=atpark&method=GET",
        "unpark_url": "/api/external/alpaca?target=IP&device=telescope&property=unpark&method=PUT"
      },
      "slewing_timeout": {
        "symptom": "Slewing property stays true for too long",
        "possible_causes": [
          "GOTO target unreachable (below horizon, beyond limits)",
          "Mechanical problem with mount",
          "Cable snag or obstruction"
        ],
        "solutions": [
          "Call abortslew to stop movement",
          "Check telescope status and error messages",
          "Verify target coordinates are valid",
          "Manually inspect telescope for physical issues"
        ]
      },
      "json_parse_error": {
        "symptom": "Cannot parse response data",
        "cause": "Response.data needs JSON.parse()",
        "solution": "Always parse the 'data' field: alpacaResponse = JSON.parse(response.data)",
        "example_code": "const aibridge_response = await fetch(url); const data = await aibridge_response.json(); const alpaca_data = JSON.parse(data.data);"
      }
    },
    "alpaca_error_codes": {
      "0": "Success - no error",
      "1024": "Not implemented",
      "1025": "Invalid value",
      "1026": "Value not set",
      "1027": "Not connected",
      "1028": "Invalid while parked",
      "1029": "Invalid while slaved",
      "1030": "Invalid coordinates",
      "1031": "Unspecified error"
    }
  },

  "best_practices_for_ai": {
    "critical_rules": [
      "ALWAYS discover devices first - never assume IP addresses",
      "ALWAYS use decimal coordinates for Alpaca API (RA: hours, DEC: degrees)",
      "ALWAYS check 'slewing' property after GOTO and wait for false",
      "ALWAYS parse response.data with JSON.parse() to access Alpaca response",
      "ALWAYS check alpaca_response.ErrorNumber (must be 0 for success)",
      "NEVER send HMS/DMS coordinates to Alpaca API",
      "NEVER issue GOTO while slewing=true",
      "For emergency stop: call abortslew IMMEDIATELY without checking status"
    ],
    "coordinate_safety": [
      "Double-check coordinate format before sending GOTO",
      "Verify RA range: 0.0 to 24.0 hours",
      "Verify DEC range: -90.0 to +90.0 degrees",
      "For planets: calculate current position, don't use static coordinates",
      "Consider checking if object is above horizon before GOTO"
    ],
    "communication_patterns": [
      "Poll 'slewing' every 1-2 seconds during GOTO (don't poll too fast)",
      "Wait 100-200ms between consecutive API calls to avoid overwhelming device",
      "Handle HTTP timeouts gracefully (device might be busy)",
      "Cache discovered device IPs for session duration",
      "Inform user of progress during long operations (e.g., 'GOTOing to M31, please wait...')"
    ],
    "user_interaction": [
      "Always confirm before executing GOTO commands",
      "Provide clear feedback during operations ('Slewing...', 'Arrived at target')",
      "If error occurs, explain in simple terms (avoid technical jargon)",
      "Suggest alternative objects if requested target has problems",
      "Warn user if object is low on horizon or setting soon"
    ],
    "response_parsing": [
      "AiBridge response structure: {status, message, data}",
      "data field contains Alpaca response as JSON string",
      "Must use JSON.parse(response.data) to access Alpaca data",
      "Alpaca response structure: {Value, ErrorNumber, ErrorMessage, ...}",
      "Check ErrorNumber first: 0 = success, non-zero = error"
    ]
  },

  "example_ai_conversation_flow": {
    "scenario": "User asks: 'Please point the telescope at M31'",
    "ai_thought_process": [
      "1. Recognize M31 = Andromeda Galaxy",
      "2. Look up coordinates in catalog: RA=0.7122h, DEC=41.2692°",
      "3. Discover telescope device",
      "4. Check if parked, unpark if needed",
      "5. Issue GOTO command with decimal coordinates",
      "6. Monitor slewing status",
      "7. Confirm arrival and inform user"
    ],
    "api_call_sequence": [
      {
        "call": 1,
        "description": "Discover devices",
        "url": "GET /api/external/discover",
        "extract": "telescope_ip = '192.168.3.120' from response"
      },
      {
        "call": 2,
        "description": "Check if parked",
        "url": "GET /api/external/alpaca?target=192.168.3.120&device=telescope&property=atpark&method=GET",
        "handle": "If true, call unpark before proceeding"
      },
      {
        "call": 3,
        "description": "GOTO M31",
        "url": "PUT /api/external/alpaca?target=192.168.3.120&device=telescope&property=slewtocoordinatesasync&method=PUT&params=RightAscension%3D0.7122%26Declination%3D41.2692",
        "user_message": "'Starting GOTO to M31 Andromeda Galaxy...'"
      },
      {
        "call": 4,
        "description": "Monitor slewing (loop)",
        "url": "GET /api/external/alpaca?target=192.168.3.120&device=telescope&property=slewing&method=GET",
        "loop": "Every 1-2 seconds until slewing=false",
        "user_message": "'Slewing to target... please wait'"
      },
      {
        "call": 5,
        "description": "Confirm arrival",
        "urls": [
          "GET /api/external/alpaca?target=192.168.3.120&device=telescope&property=rightascension",
          "GET /api/external/alpaca?target=192.168.3.120&device=telescope&property=declination"
        ],
        "user_message": "'Telescope is now pointing at M31. RA: 0.71h, DEC: 41.27°. Ready for observation!'"
      }
    ],
    "estimated_time": "30-120 seconds depending on slew distance"
  },

  "technical_reference": {
    "alpaca_protocol": {
      "official_spec": "https://ascom-standards.org/api/",
      "rest_api": "RESTful HTTP/JSON",
      "default_port": 80,
      "discovery_port": 32227,
      "discovery_protocol": "UDP broadcast with 'alpacadiscovery1' message"
    },
    "aibridge_architecture": {
      "proxy_function": "AiBridge acts as HTTP proxy between AI agent and Alpaca devices",
      "network_isolation": "Enables AI agents to control devices on local network",
      "security": "No authentication required for local network access (security through network isolation)",
      "cors": "Full CORS support for web-based AI agents"
    },
    "coordinate_systems": {
      "equatorial": {
        "ra": "Right Ascension - celestial longitude (0-24 hours)",
        "dec": "Declination - celestial latitude (-90 to +90 degrees)",
        "epoch": "J2000.0 for most catalogs"
      },
      "conversion_formulas": {
        "hms_to_decimal": "Hours + (Minutes / 60) + (Seconds / 3600)",
        "dms_to_decimal": "Degrees + (Arcminutes / 60) + (Arcseconds / 3600)",
        "note": "Preserve sign for DEC (+ for north, - for south)"
      }
    }
  },

  "for_developers": {
    "testing_endpoints": [
      "Test discovery: curl http://192.168.4.1/api/external/discover",
      "Test telescope RA: curl 'http://192.168.4.1/api/external/alpaca?target=IP&device=telescope&property=rightascension&method=GET'",
      "Test GOTO: curl 'http://192.168.4.1/api/external/alpaca?target=IP&device=telescope&property=slewtocoordinatesasync&method=PUT&params=RightAscension=0.7122&Declination=41.2692'"
    ],
    "response_validation": {
      "check_1": "HTTP status 200",
      "check_2": "response.status === 'success'",
      "check_3": "JSON.parse(response.data).ErrorNumber === 0",
      "check_4": "JSON.parse(response.data).Value exists (for GET)"
    },
    "common_pitfalls": [
      "Forgetting to URL-encode params parameter",
      "Not parsing response.data with JSON.parse()",
      "Using HMS/DMS instead of decimal coordinates",
      "Not waiting for slewing=false before next GOTO",
      "Not checking ErrorNumber in Alpaca response"
    ]
  },

  "update_history": {
    "version_7.10": {
      "date": "2025-10-05",
      "changes": [
        "Added schema_info section with license information",
        "Updated version to 7.10",
        "Added copyright and repository information"
      ]
    },
    "version_7.9": {
      "date": "2025-10-04",
      "changes": [
        "Added alpaca-api-spec.json for AI agents",
        "Implemented universal Alpaca proxy endpoint",
        "Added device discovery with detailed information",
        "Console UI enhancement with ASCOM/Alpaca section",
        "Complete celestial object catalog"
      ]
    }
  },

  "contact_and_support": {
    "author": "Nishioka Sadahiko / 西岡定彦",
    "email": "nishioka.sst@gmail.com",
    "website": "https://nskikaku.blog.fc2.com/",
    "github": "https://github.com/OnStepNinja",
    "license": "MIT License - Free to use, modify, and distribute",
    "support_note": "For issues or questions, please contact via email or GitHub"
  }
}