{
  "openapi": "3.0.0",
  "info": {
    "title": "AiBridge Telescope Control API",
    "version": "7.10",
    "description": "Control OnStep telescope and external Alpaca devices via HTTP API. This API is primarily developed for the DOG NS-5000 and the OnStepNinja (OnStep + NS-5000 hybrid) mount. Source code, circuit diagrams, and associated AiBridge objects are also openly available for free use. Donations are welcome and greatly appreciated to support continued development: https://paypal.me/OnStepNinja. For complete Alpaca device control guide, see /alpaca-api-spec.json",
    "contact": {
      "name": "Nishioka Sadahiko",
      "email": "nishioka.sst@gmail.com",
      "url": "https://github.com/OnStepNinja" 
    },
    "license": {
      "name": "MIT",
      "url": "https://opensource.org/licenses/MIT"
    }
  },
  "servers": [
    {
      "url": "http://192.168.4.1",
      "description": "AiBridge AP mode"
    }
  ],
  "paths": {
    "/api/status": {
      "get": {
        "summary": "Get OnStep telescope status",
        "description": "Returns current position and movement state of the OnStep telescope",
        "tags": ["OnStep Telescope"],
        "responses": {
          "200": {
            "description": "Success",
            "content": {
              "application/json": {
                "schema": {
                  "type": "object",
                  "properties": {
                    "status": {"type": "string", "example": "success"},
                    "message": {"type": "string", "example": "Status retrieved"},
                    "data": {
                      "type": "object",
                      "properties": {
                        "ra": {"type": "string", "example": "12:30:45", "description": "Right Ascension in HH:MM:SS format"},
                        "dec": {"type": "string", "example": "+45:30:00", "description": "Declination in ±DD:MM:SS format"},
                        "state": {"type": "string", "example": "Tracking", "enum": ["Stopped", "Tracking", "Guiding", "Slewing"]},
                        "speedRatio": {"type": "number", "example": 1.0, "description": "Speed ratio compared to sidereal rate"},
                        "raSpeed": {"type": "number", "example": 15.041, "description": "RA speed in arcsec/second"},
                        "decSpeed": {"type": "number", "example": 0.5, "description": "DEC speed in arcsec/second"},
                        "ra_raw": {"type": "string", "example": "12:30.5", "description": "Raw RA from OnStep"},
                        "dec_raw": {"type": "string", "example": "+45:30", "description": "Raw DEC from OnStep"}
                      }
                    }
                  }
                }
              }
            }
          }
        }
      }
    },
    "/api/goto": {
      "get": {
        "summary": "Slew OnStep telescope to coordinates",
        "description": "Command OnStep telescope to move to specified RA/DEC (LX200 format). This is a convenient wrapper that automatically sends :Sr, :Sd, and :MS# commands.",
        "tags": ["OnStep Telescope"],
        "parameters": [
          {
            "name": "ra",
            "in": "query",
            "required": true,
            "schema": {"type": "string"},
            "example": "12:30:45",
            "description": "Right Ascension in HH:MM:SS format (LX200 style)"
          },
          {
            "name": "dec",
            "in": "query",
            "required": true,
            "schema": {"type": "string"},
            "example": "+45:30:00",
            "description": "Declination in ±DD:MM:SS format (LX200 style)"
          }
        ],
        "responses": {
          "200": {
            "description": "GOTO command sent",
            "content": {
              "application/json": {
                "schema": {
                  "type": "object",
                  "properties": {
                    "status": {"type": "string", "example": "success"},
                    "message": {"type": "string", "example": "GOTO command sent"}
                  }
                }
              }
            }
          }
        }
      }
    },
    "/api/command": {
      "get": {
        "summary": "Send LX200 command to OnStep telescope",
        "description": "Send any LX200 command directly to OnStep telescope. Supports full LX200 command set. Do not include ':' prefix or '#' suffix in the cmd parameter - they will be added automatically. This endpoint provides direct access to OnStep's LX200 protocol for advanced control.",
        "tags": ["OnStep Telescope", "LX200"],
        "parameters": [
          {
            "name": "cmd",
            "in": "query",
            "required": true,
            "schema": {"type": "string"},
            "examples": {
              "get_ra": {
                "value": "GR",
                "summary": "Get Right Ascension",
                "description": "Returns current RA in HH:MM:SS# format"
              },
              "get_dec": {
                "value": "GD",
                "summary": "Get Declination",
                "description": "Returns current DEC in ±DD*MM:SS# format"
              },
              "set_ra": {
                "value": "Sr12:30:45",
                "summary": "Set target RA",
                "description": "Set GOTO target Right Ascension"
              },
              "set_dec": {
                "value": "Sd+45*30:00",
                "summary": "Set target DEC",
                "description": "Set GOTO target Declination"
              },
              "goto": {
                "value": "MS",
                "summary": "Execute GOTO",
                "description": "Start slewing to target coordinates (set with Sr and Sd)"
              },
              "move_north": {
                "value": "Mn",
                "summary": "Move North",
                "description": "Start moving telescope north"
              },
              "move_south": {
                "value": "Ms",
                "summary": "Move South",
                "description": "Start moving telescope south"
              },
              "move_east": {
                "value": "Me",
                "summary": "Move East",
                "description": "Start moving telescope east"
              },
              "move_west": {
                "value": "Mw",
                "summary": "Move West",
                "description": "Start moving telescope west"
              },
              "stop_all": {
                "value": "Q",
                "summary": "Stop All Movement",
                "description": "Emergency stop - halt all motion"
              },
              "speed_guide": {
                "value": "RG",
                "summary": "Set Guide Speed",
                "description": "Set movement speed to Guide rate"
              },
              "speed_center": {
                "value": "RC",
                "summary": "Set Center Speed",
                "description": "Set movement speed to Center rate"
              },
              "speed_find": {
                "value": "RM",
                "summary": "Set Find Speed",
                "description": "Set movement speed to Find rate"
              },
              "speed_slew": {
                "value": "RS",
                "summary": "Set Slew Speed",
                "description": "Set movement speed to maximum Slew rate"
              },
              "buzzer": {
                "value": "=SD",
                "summary": "Activate Buzzer",
                "description": "Sound the buzzer (if hardware available)"
              }
            },
            "description": "LX200 command without ':' prefix and '#' suffix. Common commands: GR (get RA), GD (get DEC), SrHH:MM:SS (set RA), Sd±DD*MM:SS (set DEC), MS (GOTO), Mn/Ms/Me/Mw (move), Q (stop), RG/RC/RM/RS (speed)"
          }
        ],
        "responses": {
          "200": {
            "description": "Command executed, response from OnStep",
            "content": {
              "text/plain": {
                "schema": {
                  "type": "string",
                  "examples": [
                    "12:30:45#",
                    "+45*30:00#",
                    "0",
                    "1",
                    ""
                  ]
                },
                "examples": {
                  "ra_response": {
                    "value": "12:30:45#",
                    "summary": "RA response",
                    "description": "Response from :GR# command"
                  },
                  "dec_response": {
                    "value": "+45*30:00#",
                    "summary": "DEC response",
                    "description": "Response from :GD# command"
                  },
                  "goto_success": {
                    "value": "0",
                    "summary": "GOTO success",
                    "description": "Response from :MS# command (0=success, 1/2=error)"
                  },
                  "no_response": {
                    "value": "",
                    "summary": "No response",
                    "description": "Some commands like movement (Mn, Ms, etc.) don't return a response"
                  }
                }
              }
            }
          }
        }
      }
    },
    "/api/stop": {
      "get": {
        "summary": "Emergency stop OnStep telescope",
        "description": "Immediately stop all telescope motion. Sends :Q# command to OnStep.",
        "tags": ["OnStep Telescope"],
        "responses": {
          "200": {
            "description": "Stop command sent",
            "content": {
              "application/json": {
                "schema": {
                  "type": "object",
                  "properties": {
                    "status": {"type": "string", "example": "success"},
                    "message": {"type": "string", "example": "Emergency stop executed"}
                  }
                }
              }
            }
          }
        }
      }
    },
    "/api/buzzer": {
      "get": {
        "summary": "Activate OnStep buzzer",
        "description": "Sound the buzzer (if hardware available). Sends :=SD# command to OnStep.",
        "tags": ["OnStep Telescope"],
        "responses": {
          "200": {
            "description": "Buzzer command sent",
            "content": {
              "application/json": {
                "schema": {
                  "type": "object",
                  "properties": {
                    "status": {"type": "string", "example": "success"},
                    "message": {"type": "string", "example": "Buzzer activated"}
                  }
                }
              }
            }
          }
        }
      }
    },
    "/api/external/discover": {
      "get": {
        "summary": "Discover external Alpaca telescopes on network",
        "description": "Scan local network for Alpaca-compatible devices using UDP broadcast (port 32227). Returns detailed device information including DeviceName, DeviceType, DeviceNumber.",
        "tags": ["External Alpaca Devices"],
        "responses": {
          "200": {
            "description": "List of discovered devices",
            "content": {
              "application/json": {
                "schema": {
                  "type": "object",
                  "properties": {
                    "status": {"type": "string", "example": "success"},
                    "message": {"type": "string", "example": "Discovery completed"},
                    "data": {
                      "type": "array",
                      "items": {
                        "type": "object",
                        "properties": {
                          "ip": {"type": "string", "example": "192.168.3.120"},
                          "port": {"type": "integer", "example": 80},
                          "devices": {
                            "type": "array",
                            "items": {
                              "type": "object",
                              "properties": {
                                "DeviceName": {"type": "string", "example": "AiBridge Telescope"},
                                "DeviceType": {"type": "string", "example": "Telescope"},
                                "DeviceNumber": {"type": "integer", "example": 0},
                                "UniqueID": {"type": "string", "example": "aibridge-telescope-0"}
                              }
                            }
                          }
                        }
                      }
                    }
                  }
                }
              }
            }
          }
        }
      }
    },
    "/api/external/alpaca": {
      "get": {
        "summary": "Universal Alpaca device control proxy",
        "description": "Control any Alpaca-compatible device (telescope, focuser, camera, etc.). This is a universal proxy endpoint that forwards commands to external Alpaca devices. For complete documentation, see /alpaca-api-spec.json",
        "tags": ["External Alpaca Devices"],
        "parameters": [
          {
            "name": "target",
            "in": "query",
            "required": true,
            "schema": {"type": "string"},
            "example": "192.168.3.120",
            "description": "IP address of target Alpaca device"
          },
          {
            "name": "device",
            "in": "query",
            "required": true,
            "schema": {
              "type": "string",
              "enum": ["telescope", "focuser", "filterwheel", "camera", "dome", "rotator", "switch", "safetymonitor", "observingconditions"]
            },
            "example": "telescope",
            "description": "Type of Alpaca device"
          },
          {
            "name": "property",
            "in": "query",
            "required": true,
            "schema": {"type": "string"},
            "example": "rightascension",
            "description": "Alpaca property or method name"
          },
          {
            "name": "number",
            "in": "query",
            "required": false,
            "schema": {"type": "integer", "default": 0},
            "example": 0,
            "description": "Device number (for multiple devices of same type)"
          },
          {
            "name": "port",
            "in": "query",
            "required": false,
            "schema": {"type": "integer", "default": 80},
            "example": 80,
            "description": "Alpaca server port"
          },
          {
            "name": "method",
            "in": "query",
            "required": false,
            "schema": {
              "type": "string",
              "enum": ["GET", "PUT", "POST"],
              "default": "GET"
            },
            "example": "GET",
            "description": "HTTP method"
          },
          {
            "name": "params",
            "in": "query",
            "required": false,
            "schema": {"type": "string"},
            "example": "RightAscension=0.7122&Declination=41.2692",
            "description": "URL-encoded parameters for PUT/POST requests"
          }
        ],
        "responses": {
          "200": {
            "description": "Alpaca command executed",
            "content": {
              "application/json": {
                "schema": {
                  "type": "object",
                  "properties": {
                    "status": {"type": "string", "example": "success"},
                    "message": {"type": "string", "example": "Alpaca command executed"},
                    "data": {"type": "string", "example": "{\"Value\":12.5125,\"ErrorNumber\":0,\"ErrorMessage\":\"\"}", "description": "Alpaca response as JSON string (needs JSON.parse)"}
                  }
                }
              }
            }
          }
        }
      }
    },
    "/api/external/status": {
      "get": {
        "summary": "Get external Alpaca telescope status",
        "description": "Query status of external Alpaca-compatible telescope",
        "tags": ["External Alpaca Devices"],
        "parameters": [
          {
            "name": "target",
            "in": "query",
            "required": true,
            "schema": {"type": "string"},
            "example": "192.168.3.120",
            "description": "IP address of external telescope"
          }
        ],
        "responses": {
          "200": {
            "description": "External telescope data",
            "content": {
              "application/json": {
                "schema": {
                  "type": "object",
                  "properties": {
                    "status": {"type": "string", "example": "success"},
                    "message": {"type": "string", "example": "External status retrieved"},
                    "data": {
                      "type": "object",
                      "properties": {
                        "ra": {"type": "number", "description": "Right Ascension in decimal hours"},
                        "dec": {"type": "number", "description": "Declination in decimal degrees"}
                      }
                    }
                  }
                }
              }
            }
          }
        }
      }
    },
    "/api/external/goto": {
      "get": {
        "summary": "Slew external Alpaca telescope",
        "description": "Command external telescope to move (Alpaca decimal format: RA in hours, DEC in degrees)",
        "tags": ["External Alpaca Devices"],
        "parameters": [
          {
            "name": "target",
            "in": "query",
            "required": true,
            "schema": {"type": "string"},
            "example": "192.168.3.120"
          },
          {
            "name": "ra",
            "in": "query",
            "required": true,
            "schema": {"type": "number"},
            "example": 0.7122,
            "description": "Right Ascension in decimal hours (0-24)"
          },
          {
            "name": "dec",
            "in": "query",
            "required": true,
            "schema": {"type": "number"},
            "example": 41.2692,
            "description": "Declination in decimal degrees (-90 to +90)"
          }
        ],
        "responses": {
          "200": {
            "description": "External GOTO executed",
            "content": {
              "application/json": {
                "schema": {
                  "type": "object",
                  "properties": {
                    "status": {"type": "string", "example": "success"},
                    "message": {"type": "string", "example": "External GOTO command sent"}
                  }
                }
              }
            }
          }
        }
      }
    },
    "/api/external/stop": {
      "get": {
        "summary": "Stop external Alpaca telescope",
        "description": "Emergency stop for external telescope",
        "tags": ["External Alpaca Devices"],
        "parameters": [
          {
            "name": "target",
            "in": "query",
            "required": true,
            "schema": {"type": "string"},
            "example": "192.168.3.120"
          }
        ],
        "responses": {
          "200": {
            "description": "External stop command sent",
            "content": {
              "application/json": {
                "schema": {
                  "type": "object",
                  "properties": {
                    "status": {"type": "string", "example": "success"},
                    "message": {"type": "string", "example": "External stop command sent"}
                  }
                }
              }
            }
          }
        }
      }
    },
    "/license": {
      "get": {
        "summary": "Display project license and donation information",
        "description": "Show MIT License full text, copyright information, and optional donation link",
        "tags": ["Information"],
        "responses": {
          "200": {
            "description": "HTML page with license information",
            "content": {
              "text/html": {
                "schema": {"type": "string"}
              }
            }
          }
        }
      }
    },
    "/alpaca-api-spec.json": {
      "get": {
        "summary": "Complete Alpaca API specification for AI agents",
        "description": "Comprehensive JSON specification optimized for AI agents (like Comet Browser) to understand and control Alpaca devices. Includes workflows, coordinate conversion, celestial catalog, and detailed examples.",
        "tags": ["Information"],
        "responses": {
          "200": {
            "description": "Complete Alpaca API specification in JSON format",
            "content": {
              "application/json": {
                "schema": {"type": "object"}
              }
            }
          }
        }
      }
    }
  },
  "tags": [
    {
      "name": "OnStep Telescope",
      "description": "Direct control of AiBridge's OnStep telescope using LX200 protocol"
    },
    {
      "name": "LX200",
      "description": "LX200 command set support for OnStep telescope control"
    },
    {
      "name": "External Alpaca Devices",
      "description": "Control external ASCOM/Alpaca compatible devices on the network"
    },
    {
      "name": "Information",
      "description": "Documentation and system information"
    }
  ]
}